<?xml version="1.0" encoding="UTF-8"?>
<project-private xmlns="http://www.netbeans.org/ns/project-private/1">
    <editor-bookmarks xmlns="http://www.netbeans.org/ns/editor-bookmarks/2" lastBookmarkId="0"/>
    <open-files xmlns="http://www.netbeans.org/ns/projectui-open-files/2">
        <group>
            <file>file:/home/josedf/Documentos/GitHub/Sistema_Matricula/CursosLibres/web/header.jsp</file>
            <file>file:/home/josedf/Documentos/GitHub/Sistema_Matricula/CursosLibres/web/presentation/usuario/Administrador/Cursos.jsp</file>
            <file>file:/home/josedf/Documentos/GitHub/Sistema_Matricula/CursosLibres/src/java/controller/Login.java</file>
            <file>file:/home/josedf/Documentos/GitHub/Sistema_Matricula/CursosLibres/web/presentation/login/login.jsp</file>
            <file>file:/home/josedf/Documentos/GitHub/Sistema_Matricula/CursosLibres/src/java/controller/Curso.java</file>
            <file>file:/home/josedf/Documentos/GitHub/Sistema_Matricula/CursosLibres/web/index.jsp</file>
            <file>file:/home/josedf/Documentos/GitHub/Sistema_Matricula/CursosLibres/src/java/controller/Administrador.java</file>
        </group>
    </open-files>
</project-private>
