<?xml version="1.0" encoding="UTF-8"?>
<project-private xmlns="http://www.netbeans.org/ns/project-private/1">
    <editor-bookmarks xmlns="http://www.netbeans.org/ns/editor-bookmarks/2" lastBookmarkId="0"/>
    <open-files xmlns="http://www.netbeans.org/ns/projectui-open-files/2">
        <group>
            <file>file:/home/josedf/Documentos/GitHub/Sistema_Matricula/CursosLibres/web/presentation/usuario/Administrador/Curso/editar_curso.jsp</file>
            <file>file:/home/josedf/Documentos/GitHub/Sistema_Matricula/CursosLibres/web/presentation/usuario/Administrador/Curso/agregar_grupo.jsp</file>
            <file>file:/home/josedf/Documentos/GitHub/Sistema_Matricula/CursosLibres/web/presentation/usuario/Administrador/Curso/editar_grupo.jsp</file>
        </group>
    </open-files>
</project-private>
